{
    "brussel": {
        "plat hellend ratio": 2.1695280259385044,
        "plat gebied": 902656.0,
        "hellend gebied": 416061.0,
        "platte daken": 52,
        "hellende daken": 85,
        "omtrek platte daken": 2778.314033938734,
        "oppervlakte platte daken": 9148.128462681861
    }
}